n,g,Time,Fitness
100,300,11341.1,0.838353994
200,300,32647.3,0.838434556
300,300,33861.2,0.838696404
400,300,44821.8,0.838611346
